email,password,name,age,zip code,condition,match group
rwarren0@nationalgeographic.com,jkdHiWw,Randy Warren,34,78040,2,2
dbennett1@forbes.com,NfhkVpj,Debra Bennett,36,16913,3,2
jpalmer2@webeden.co.uk,7oHgDSyYARGD,Jason Palmer,51,48891,9,3
rsimmons3@yahoo.com,zFikqhWNJ4p6,Ruth Simmons,93,49820,3,2
agrant4@diigo.com,sNu91ygRO,Annie Grant,64,26838,2,1
ehenderson5@nhs.uk,Z8BVGz,Edward Henderson,23,14981,10,3
lwallace6@archive.org,S24hFVlD,Lisa Wallace,42,40481,9,1
ltorres7@prweb.com,VBwQ4E9Rf,Lois Torres,42,51333,7,2
twallace8@wisc.edu,zFYr4R97,Timothy Wallace,97,34631,8,2
elopez9@webs.com,bUY0dtADr,Edward Lopez,97,41880,1,1
mnguyena@nyu.edu,dwW9Uelz,Mark Nguyen,42,21337,1,3
bcookb@dmoz.org,396MTxsE,Bruce Cook,70,56643,5,2
jhunterc@ustream.tv,rJT5TuEAnL,Jerry Hunter,25,59219,2,1
lbennettd@wikia.com,002R9m,Lawrence Bennett,58,73983,11,2
jandersone@quantcast.com,2t7hPhsOZ1g,Jerry Anderson,36,76150,3,3
aspencerf@accuweather.com,MsVVu663qvz,Ann Spencer,27,55733,8,2
hwrightg@businesswire.com,oXYiM5,Heather Wright,19,74614,6,2
rcunninghamh@reuters.com,telhNni,Roger Cunningham,63,57548,9,3
cduncani@sciencedirect.com,QJzw4jf1D3M,Clarence Duncan,72,49655,1,3
rperkinsj@tinyurl.com,ElESeuG9y,Russell Perkins,89,91330,9,2
sfloresk@nps.gov,Yddq7Lnp,Shirley Flores,84,23279,10,1
jnelsonl@sciencedirect.com,bnceay0vx,Joshua Nelson,75,25114,4,3
jbrownm@ucoz.ru,L6XEkVsme,Judy Brown,21,44303,4,2
bjonesn@parallels.com,qDMFVHhPO,Beverly Jones,55,72432,11,2
palvarezo@chicagotribune.com,lFTQA7,Phyllis Alvarez,42,59433,5,1
jrobertsp@comcast.net,xbSikDSnL1,James Roberts,53,19881,4,2
mortizq@cdc.gov,tbr5702,Matthew Ortiz,19,56164,11,3
jmoralesr@chron.com,GwNSsnl9yGmJ,Judy Morales,40,36824,11,3
jfishers@stanford.edu,xFzcQq3H98R,Julie Fisher,48,33761,7,2
ccarpentert@360.cn,ZWIZuhoc0jx,Carl Carpenter,21,35943,2,2
egonzalesu@reverbnation.com,nUPPyZwb5a,Evelyn Gonzales,94,49082,5,1
abrooksv@phpbb.com,IXgC8Rs,Andrew Brooks,60,74930,8,1
gchapmanw@storify.com,lkFHGvzF8bTy,Gerald Chapman,41,91983,9,1
rleex@dell.com,W4lvoOc0,Richard Lee,61,54917,1,3
cmendozay@mozilla.org,YWptuT,Carlos Mendoza,67,52720,8,3
kryanz@soup.io,E90wLO,Kenneth Ryan,52,93392,9,2
ahunter10@barnesandnoble.com,cLlGNj,Alan Hunter,42,41693,7,2
breed11@hatena.ne.jp,IbNgG3qY,Benjamin Reed,48,65996,4,2
kreyes12@alexa.com,ILz9lGEc3,Kelly Reyes,90,52770,10,1
rlewis13@apple.com,wiV6CGwV,Rachel Lewis,66,30552,10,2
aelliott14@gravatar.com,QeVXU1fZvt,Annie Elliott,65,22409,9,1
sburton15@census.gov,XPr873u,Scott Burton,46,38237,1,2
nalvarez16@newyorker.com,IiB7dDGTXC,Norma Alvarez,70,70852,10,1
rjames17@youtube.com,t1C6LoINyH,Ruby James,68,78990,6,3
lpayne18@ebay.com,XZI2fH,Larry Payne,68,20742,8,3
jryan19@dailymotion.com,8FhQxYxTnCh,Joe Ryan,85,37614,3,3
afowler1a@taobao.com,vKHgnRUtJ,Amanda Fowler,27,66474,2,3
djenkins1b@php.net,RERb9ST,David Jenkins,18,35988,10,2
mschmidt1c@usa.gov,2yAlSTL1i5x,Martin Schmidt,71,45283,1,2
cchavez1d@over-blog.com,BHV8iE1WgQ9i,Charles Chavez,68,72522,4,3
ggordon1e@tripod.com,YXDxg2bp,Gregory Gordon,26,17381,8,1
ckim1f@twitpic.com,G0mZxqE,Carol Kim,38,35419,11,2
atorres1g@xing.com,pmG63I,Arthur Torres,96,98897,1,1
bturner1h@bloomberg.com,lc1DJ1JW,Brian Turner,95,15245,1,2
jhunter1i@toplist.cz,xjd6Vg4hdHg,Jose Hunter,96,26656,9,3
akim1j@harvard.edu,Oc06obAsnu,Alice Kim,21,21004,6,2
adunn1k@flavors.me,b1o580n2g,Aaron Dunn,68,79590,3,1
hadams1l@zimbio.com,cPZDYh1N,Henry Adams,32,41169,3,2
kfox1m@rediff.com,d3f4iaA,Kimberly Fox,47,24480,9,2
ccarpenter1n@rediff.com,C0RIPWi,Carol Carpenter,49,96072,3,1
jthomas1o@webeden.co.uk,c4fNg3wI,Jack Thomas,67,87533,1,3
jcrawford1p@cocolog-nifty.com,vAufvrNLG,Joshua Crawford,95,11630,7,2
dfoster1q@ebay.com,aBVkYhHoTb,Doris Foster,91,54178,8,1
mhayes1r@e-recht24.de,ZKY6exG1HdfC,Maria Hayes,22,14365,10,3
cscott1s@fastcompany.com,prSzuDyaTK,Cynthia Scott,91,67392,6,2
vwilliamson1t@digg.com,i1lX4FkFK,Victor Williamson,20,74640,11,1
atucker1u@google.fr,5CtwWHf,Arthur Tucker,71,31955,11,3
lhenry1v@simplemachines.org,KeIT6pUjFWyO,Laura Henry,59,75023,7,2
hmurphy1w@stumbleupon.com,NDqJpP81ExZj,Helen Murphy,78,18746,8,1
rlawrence1x@parallels.com,2gIu4cJ,Ralph Lawrence,50,69460,9,1
creid1y@ftc.gov,j5H52gD,Craig Reid,31,51741,1,2
tkim1z@soundcloud.com,YgjlcaHg,Teresa Kim,70,87166,5,3
jhawkins20@accuweather.com,OnZSZvfh43uB,Joshua Hawkins,49,97130,1,2
sharrison21@cbc.ca,NfIp2zDLx3u,Sandra Harrison,25,94351,2,3
rreynolds22@ebay.co.uk,5eapDTDUkH9,Roger Reynolds,100,85634,6,3
pkelley23@jimdo.com,rSX2OF,Philip Kelley,51,57058,8,1
jyoung24@hatena.ne.jp,eH1N0Y,James Young,33,86141,2,3
rwallace25@digg.com,SzK3va,Ralph Wallace,78,13353,10,3
rperry26@moonfruit.com,cGcIn5r2jy,Rose Perry,80,54867,8,1
rlarson27@go.com,5JBfJgB2V,Rose Larson,33,64366,8,2
hmorales28@discovery.com,sxVLEOy,Harry Morales,47,15024,5,1
tfrazier29@tripadvisor.com,oZ1BIgrc,Theresa Frazier,47,59495,4,1
krichards2a@nps.gov,13FadWh,Kenneth Richards,36,78386,7,3
jhill2b@sourceforge.net,dLbFqg,Janice Hill,62,51558,2,1
jhall2c@gmpg.org,2sq92G,Jason Hall,96,70074,7,3
tarmstrong2d@yale.edu,9qXwWD,Teresa Armstrong,24,89577,8,3
acastillo2e@guardian.co.uk,F6McL7s,Antonio Castillo,19,72134,11,1
vstewart2f@reference.com,zbFMrE,Victor Stewart,79,68183,6,1
bfrazier2g@ox.ac.uk,RhqFwQ61hIyV,Brenda Frazier,61,11587,5,3
arobinson2h@stanford.edu,uHMT5A0R,Albert Robinson,46,15821,5,3
treyes2i@stumbleupon.com,vsC3gEl86,Thomas Reyes,20,35335,8,1
pshaw2j@aboutads.info,rOjwD0zsYSS,Philip Shaw,87,34522,8,2
acrawford2k@msn.com,LvhWkFN17Ws,Ashley Crawford,97,65624,6,1
salexander2l@netvibes.com,B0WPXeCPhKFs,Sandra Alexander,44,10578,4,2
jperkins2m@redcross.org,R6VxVJ8E,Jeffrey Perkins,43,96985,7,1
clawrence2n@tmall.com,tGnf14aovYO,Charles Lawrence,65,47261,5,3
cmorris2o@reddit.com,9bvYvzy,Carolyn Morris,87,85994,2,3
lward2p@xinhuanet.com,aK2RLAlFqWlY,Laura Ward,47,99320,9,1
arussell2q@etsy.com,YXYVp9HMQ,Antonio Russell,87,82909,9,3
lortiz2r@feedburner.com,fRsj9Eh,Lawrence Ortiz,33,36490,7,1